Id,Email,FirstName,LastName,Phone
003T700000JxIM9IAN,mdd_oak9trus_1a@perftest.example.com,MDD_oaK9TrUS_FN_001_A,MDD_oaK9TrUS_LN_001_A,555-0002
003T700000JxIMAIA3,mdd_oak9trus_1b@perftest.example.com,MDD_oaK9TrUS_FN_001_B,MDD_oaK9TrUS_LN_001_B,555-0003
003T700000JxIMBIA3,mdd_oak9trus_2a@perftest.example.com,MDD_oaK9TrUS_FN_002_A,MDD_oaK9TrUS_LN_002_A,555-0004
003T700000JxIMCIA3,mdd_oak9trus_2b@perftest.example.com,MDD_oaK9TrUS_FN_002_B,MDD_oaK9TrUS_LN_002_B,555-0005
003T700000JxIMDIA3,mdd_oak9trus_3a@perftest.example.com,MDD_oaK9TrUS_FN_003_A,MDD_oaK9TrUS_LN_003_A,555-0006
003T700000JxIMEIA3,mdd_oak9trus_3b@perftest.example.com,MDD_oaK9TrUS_FN_003_B,MDD_oaK9TrUS_LN_003_B,555-0007
003T700000JxIMFIA3,mdd_oak9trus_4a@perftest.example.com,MDD_oaK9TrUS_FN_004_A,MDD_oaK9TrUS_LN_004_A,555-0008
003T700000JxIMGIA3,mdd_oak9trus_4b@perftest.example.com,MDD_oaK9TrUS_FN_004_B,MDD_oaK9TrUS_LN_004_B,555-0009
003T700000JxIMHIA3,mdd_oak9trus_5a@perftest.example.com,MDD_oaK9TrUS_FN_005_A,MDD_oaK9TrUS_LN_005_A,555-0010
003T700000JxIMIIA3,mdd_oak9trus_5b@perftest.example.com,MDD_oaK9TrUS_FN_005_B,MDD_oaK9TrUS_LN_005_B,555-0011
003T700000JxIMJIA3,mdd_oak9trus_6a@perftest.example.com,MDD_oaK9TrUS_FN_006_A,MDD_oaK9TrUS_LN_006_A,555-0012
003T700000JxIMKIA3,mdd_oak9trus_6b@perftest.example.com,MDD_oaK9TrUS_FN_006_B,MDD_oaK9TrUS_LN_006_B,555-0013
003T700000JxIMLIA3,mdd_oak9trus_7a@perftest.example.com,MDD_oaK9TrUS_FN_007_A,MDD_oaK9TrUS_LN_007_A,555-0014
003T700000JxIMMIA3,mdd_oak9trus_7b@perftest.example.com,MDD_oaK9TrUS_FN_007_B,MDD_oaK9TrUS_LN_007_B,555-0015
003T700000JxIMNIA3,mdd_oak9trus_8a@perftest.example.com,MDD_oaK9TrUS_FN_008_A,MDD_oaK9TrUS_LN_008_A,555-0016
003T700000JxIMOIA3,mdd_oak9trus_8b@perftest.example.com,MDD_oaK9TrUS_FN_008_B,MDD_oaK9TrUS_LN_008_B,555-0017
003T700000JxIMPIA3,mdd_oak9trus_9a@perftest.example.com,MDD_oaK9TrUS_FN_009_A,MDD_oaK9TrUS_LN_009_A,555-0018
003T700000JxIMQIA3,mdd_oak9trus_9b@perftest.example.com,MDD_oaK9TrUS_FN_009_B,MDD_oaK9TrUS_LN_009_B,555-0019
003T700000JxIMRIA3,mdd_oak9trus_10a@perftest.example.com,MDD_oaK9TrUS_FN_010_A,MDD_oaK9TrUS_LN_010_A,555-0020
003T700000JxIMSIA3,mdd_oak9trus_10b@perftest.example.com,MDD_oaK9TrUS_FN_010_B,MDD_oaK9TrUS_LN_010_B,555-0021
003T700000JxJOfIAN,mdd_q4lp0x7y_1a@perftest.example.com,MDD_Q4lP0X7Y_FN_001_A,MDD_Q4lP0X7Y_LN_001_A,555-0002
003T700000JxJOgIAN,mdd_q4lp0x7y_1b@perftest.example.com,MDD_Q4lP0X7Y_FN_001_B,MDD_Q4lP0X7Y_LN_001_B,555-0003
003T700000JxJOhIAN,mdd_q4lp0x7y_2a@perftest.example.com,MDD_Q4lP0X7Y_FN_002_A,MDD_Q4lP0X7Y_LN_002_A,555-0004
003T700000JxJOiIAN,mdd_q4lp0x7y_2b@perftest.example.com,MDD_Q4lP0X7Y_FN_002_B,MDD_Q4lP0X7Y_LN_002_B,555-0005
003T700000JxJOjIAN,mdd_q4lp0x7y_3a@perftest.example.com,MDD_Q4lP0X7Y_FN_003_A,MDD_Q4lP0X7Y_LN_003_A,555-0006
003T700000JxJOkIAN,mdd_q4lp0x7y_3b@perftest.example.com,MDD_Q4lP0X7Y_FN_003_B,MDD_Q4lP0X7Y_LN_003_B,555-0007
003T700000JxJOlIAN,mdd_q4lp0x7y_4a@perftest.example.com,MDD_Q4lP0X7Y_FN_004_A,MDD_Q4lP0X7Y_LN_004_A,555-0008
003T700000JxJOmIAN,mdd_q4lp0x7y_4b@perftest.example.com,MDD_Q4lP0X7Y_FN_004_B,MDD_Q4lP0X7Y_LN_004_B,555-0009
003T700000JxJOnIAN,mdd_q4lp0x7y_5a@perftest.example.com,MDD_Q4lP0X7Y_FN_005_A,MDD_Q4lP0X7Y_LN_005_A,555-0010
003T700000JxJOoIAN,mdd_q4lp0x7y_5b@perftest.example.com,MDD_Q4lP0X7Y_FN_005_B,MDD_Q4lP0X7Y_LN_005_B,555-0011
003T700000JxJOpIAN,mdd_q4lp0x7y_6a@perftest.example.com,MDD_Q4lP0X7Y_FN_006_A,MDD_Q4lP0X7Y_LN_006_A,555-0012
003T700000JxJOqIAN,mdd_q4lp0x7y_6b@perftest.example.com,MDD_Q4lP0X7Y_FN_006_B,MDD_Q4lP0X7Y_LN_006_B,555-0013
003T700000JxJOrIAN,mdd_q4lp0x7y_7a@perftest.example.com,MDD_Q4lP0X7Y_FN_007_A,MDD_Q4lP0X7Y_LN_007_A,555-0014
003T700000JxJOsIAN,mdd_q4lp0x7y_7b@perftest.example.com,MDD_Q4lP0X7Y_FN_007_B,MDD_Q4lP0X7Y_LN_007_B,555-0015
003T700000JxJOtIAN,mdd_q4lp0x7y_8a@perftest.example.com,MDD_Q4lP0X7Y_FN_008_A,MDD_Q4lP0X7Y_LN_008_A,555-0016
003T700000JxJOuIAN,mdd_q4lp0x7y_8b@perftest.example.com,MDD_Q4lP0X7Y_FN_008_B,MDD_Q4lP0X7Y_LN_008_B,555-0017
003T700000JxJOvIAN,mdd_q4lp0x7y_9a@perftest.example.com,MDD_Q4lP0X7Y_FN_009_A,MDD_Q4lP0X7Y_LN_009_A,555-0018
003T700000JxJOwIAN,mdd_q4lp0x7y_9b@perftest.example.com,MDD_Q4lP0X7Y_FN_009_B,MDD_Q4lP0X7Y_LN_009_B,555-0019
003T700000JxJOxIAN,mdd_q4lp0x7y_10a@perftest.example.com,MDD_Q4lP0X7Y_FN_010_A,MDD_Q4lP0X7Y_LN_010_A,555-0020
003T700000JxJOyIAN,mdd_q4lp0x7y_10b@perftest.example.com,MDD_Q4lP0X7Y_FN_010_B,MDD_Q4lP0X7Y_LN_010_B,555-0021
003T700000JxKkXIAV,mdd_gqvqvwes_1a@perftest.example.com,MDD_gqVQvWEs_FN_001_A,MDD_gqVQvWEs_LN_001_A,555-0002
003T700000JxKkYIAV,mdd_gqvqvwes_1b@perftest.example.com,MDD_gqVQvWEs_FN_001_B,MDD_gqVQvWEs_LN_001_B,555-0003
003T700000JxKkZIAV,mdd_gqvqvwes_2a@perftest.example.com,MDD_gqVQvWEs_FN_002_A,MDD_gqVQvWEs_LN_002_A,555-0004
003T700000JxKkaIAF,mdd_gqvqvwes_2b@perftest.example.com,MDD_gqVQvWEs_FN_002_B,MDD_gqVQvWEs_LN_002_B,555-0005
003T700000JxKkbIAF,mdd_gqvqvwes_3a@perftest.example.com,MDD_gqVQvWEs_FN_003_A,MDD_gqVQvWEs_LN_003_A,555-0006
003T700000JxKkcIAF,mdd_gqvqvwes_3b@perftest.example.com,MDD_gqVQvWEs_FN_003_B,MDD_gqVQvWEs_LN_003_B,555-0007
003T700000JxKkdIAF,mdd_gqvqvwes_4a@perftest.example.com,MDD_gqVQvWEs_FN_004_A,MDD_gqVQvWEs_LN_004_A,555-0008
003T700000JxKkeIAF,mdd_gqvqvwes_4b@perftest.example.com,MDD_gqVQvWEs_FN_004_B,MDD_gqVQvWEs_LN_004_B,555-0009
003T700000JxKkfIAF,mdd_gqvqvwes_5a@perftest.example.com,MDD_gqVQvWEs_FN_005_A,MDD_gqVQvWEs_LN_005_A,555-0010
003T700000JxKkgIAF,mdd_gqvqvwes_5b@perftest.example.com,MDD_gqVQvWEs_FN_005_B,MDD_gqVQvWEs_LN_005_B,555-0011
003T700000JxKkhIAF,mdd_gqvqvwes_6a@perftest.example.com,MDD_gqVQvWEs_FN_006_A,MDD_gqVQvWEs_LN_006_A,555-0012
003T700000JxKkiIAF,mdd_gqvqvwes_6b@perftest.example.com,MDD_gqVQvWEs_FN_006_B,MDD_gqVQvWEs_LN_006_B,555-0013
003T700000JxKkjIAF,mdd_gqvqvwes_7a@perftest.example.com,MDD_gqVQvWEs_FN_007_A,MDD_gqVQvWEs_LN_007_A,555-0014
003T700000JxKkkIAF,mdd_gqvqvwes_7b@perftest.example.com,MDD_gqVQvWEs_FN_007_B,MDD_gqVQvWEs_LN_007_B,555-0015
003T700000JxKklIAF,mdd_gqvqvwes_8a@perftest.example.com,MDD_gqVQvWEs_FN_008_A,MDD_gqVQvWEs_LN_008_A,555-0016
003T700000JxKkmIAF,mdd_gqvqvwes_8b@perftest.example.com,MDD_gqVQvWEs_FN_008_B,MDD_gqVQvWEs_LN_008_B,555-0017
003T700000JxKknIAF,mdd_gqvqvwes_9a@perftest.example.com,MDD_gqVQvWEs_FN_009_A,MDD_gqVQvWEs_LN_009_A,555-0018
003T700000JxKkoIAF,mdd_gqvqvwes_9b@perftest.example.com,MDD_gqVQvWEs_FN_009_B,MDD_gqVQvWEs_LN_009_B,555-0019
003T700000JxKkpIAF,mdd_gqvqvwes_10a@perftest.example.com,MDD_gqVQvWEs_FN_010_A,MDD_gqVQvWEs_LN_010_A,555-0020
003T700000JxKkqIAF,mdd_gqvqvwes_10b@perftest.example.com,MDD_gqVQvWEs_FN_010_B,MDD_gqVQvWEs_LN_010_B,555-0021
003T700000JxNVpIAN,mdd_dxai3oti_1a@perftest.example.com,MDD_dXAi3otI_FN_001_A,MDD_dXAi3otI_LN_001_A,555-0002
003T700000JxNVqIAN,mdd_dxai3oti_1b@perftest.example.com,MDD_dXAi3otI_FN_001_B,MDD_dXAi3otI_LN_001_B,555-0003
003T700000JxNVrIAN,mdd_dxai3oti_2a@perftest.example.com,MDD_dXAi3otI_FN_002_A,MDD_dXAi3otI_LN_002_A,555-0004
003T700000JxNVsIAN,mdd_dxai3oti_2b@perftest.example.com,MDD_dXAi3otI_FN_002_B,MDD_dXAi3otI_LN_002_B,555-0005
003T700000JxNVtIAN,mdd_dxai3oti_3a@perftest.example.com,MDD_dXAi3otI_FN_003_A,MDD_dXAi3otI_LN_003_A,555-0006
003T700000JxNVuIAN,mdd_dxai3oti_3b@perftest.example.com,MDD_dXAi3otI_FN_003_B,MDD_dXAi3otI_LN_003_B,555-0007
003T700000JxNVvIAN,mdd_dxai3oti_4a@perftest.example.com,MDD_dXAi3otI_FN_004_A,MDD_dXAi3otI_LN_004_A,555-0008
003T700000JxNVwIAN,mdd_dxai3oti_4b@perftest.example.com,MDD_dXAi3otI_FN_004_B,MDD_dXAi3otI_LN_004_B,555-0009
003T700000JxNVxIAN,mdd_dxai3oti_5a@perftest.example.com,MDD_dXAi3otI_FN_005_A,MDD_dXAi3otI_LN_005_A,555-0010
003T700000JxNVyIAN,mdd_dxai3oti_5b@perftest.example.com,MDD_dXAi3otI_FN_005_B,MDD_dXAi3otI_LN_005_B,555-0011
003T700000JxNVzIAN,mdd_dxai3oti_6a@perftest.example.com,MDD_dXAi3otI_FN_006_A,MDD_dXAi3otI_LN_006_A,555-0012
003T700000JxNW0IAN,mdd_dxai3oti_6b@perftest.example.com,MDD_dXAi3otI_FN_006_B,MDD_dXAi3otI_LN_006_B,555-0013
003T700000JxNW1IAN,mdd_dxai3oti_7a@perftest.example.com,MDD_dXAi3otI_FN_007_A,MDD_dXAi3otI_LN_007_A,555-0014
003T700000JxNW2IAN,mdd_dxai3oti_7b@perftest.example.com,MDD_dXAi3otI_FN_007_B,MDD_dXAi3otI_LN_007_B,555-0015
003T700000JxNW3IAN,mdd_dxai3oti_8a@perftest.example.com,MDD_dXAi3otI_FN_008_A,MDD_dXAi3otI_LN_008_A,555-0016
003T700000JxNW4IAN,mdd_dxai3oti_8b@perftest.example.com,MDD_dXAi3otI_FN_008_B,MDD_dXAi3otI_LN_008_B,555-0017
003T700000JxNW5IAN,mdd_dxai3oti_9a@perftest.example.com,MDD_dXAi3otI_FN_009_A,MDD_dXAi3otI_LN_009_A,555-0018
003T700000JxNW6IAN,mdd_dxai3oti_9b@perftest.example.com,MDD_dXAi3otI_FN_009_B,MDD_dXAi3otI_LN_009_B,555-0019
003T700000JxNW7IAN,mdd_dxai3oti_10a@perftest.example.com,MDD_dXAi3otI_FN_010_A,MDD_dXAi3otI_LN_010_A,555-0020
003T700000JxNW8IAN,mdd_dxai3oti_10b@perftest.example.com,MDD_dXAi3otI_FN_010_B,MDD_dXAi3otI_LN_010_B,555-0021
003T700000JxOHtIAN,mdd_p96acbsq_1a@perftest.example.com,MDD_P96acBsQ_FN_001_A,MDD_P96acBsQ_LN_001_A,555-0002
003T700000JxOHuIAN,mdd_p96acbsq_1b@perftest.example.com,MDD_P96acBsQ_FN_001_B,MDD_P96acBsQ_LN_001_B,555-0003
003T700000JxOHvIAN,mdd_p96acbsq_2a@perftest.example.com,MDD_P96acBsQ_FN_002_A,MDD_P96acBsQ_LN_002_A,555-0004
003T700000JxOHwIAN,mdd_p96acbsq_2b@perftest.example.com,MDD_P96acBsQ_FN_002_B,MDD_P96acBsQ_LN_002_B,555-0005
003T700000JxOHxIAN,mdd_p96acbsq_3a@perftest.example.com,MDD_P96acBsQ_FN_003_A,MDD_P96acBsQ_LN_003_A,555-0006
003T700000JxOHyIAN,mdd_p96acbsq_3b@perftest.example.com,MDD_P96acBsQ_FN_003_B,MDD_P96acBsQ_LN_003_B,555-0007
003T700000JxOHzIAN,mdd_p96acbsq_4a@perftest.example.com,MDD_P96acBsQ_FN_004_A,MDD_P96acBsQ_LN_004_A,555-0008
003T700000JxOI0IAN,mdd_p96acbsq_4b@perftest.example.com,MDD_P96acBsQ_FN_004_B,MDD_P96acBsQ_LN_004_B,555-0009
003T700000JxOI1IAN,mdd_p96acbsq_5a@perftest.example.com,MDD_P96acBsQ_FN_005_A,MDD_P96acBsQ_LN_005_A,555-0010
003T700000JxOI2IAN,mdd_p96acbsq_5b@perftest.example.com,MDD_P96acBsQ_FN_005_B,MDD_P96acBsQ_LN_005_B,555-0011
003T700000JxOI3IAN,mdd_p96acbsq_6a@perftest.example.com,MDD_P96acBsQ_FN_006_A,MDD_P96acBsQ_LN_006_A,555-0012
003T700000JxOI4IAN,mdd_p96acbsq_6b@perftest.example.com,MDD_P96acBsQ_FN_006_B,MDD_P96acBsQ_LN_006_B,555-0013
003T700000JxOI5IAN,mdd_p96acbsq_7a@perftest.example.com,MDD_P96acBsQ_FN_007_A,MDD_P96acBsQ_LN_007_A,555-0014
003T700000JxOI6IAN,mdd_p96acbsq_7b@perftest.example.com,MDD_P96acBsQ_FN_007_B,MDD_P96acBsQ_LN_007_B,555-0015
003T700000JxOI7IAN,mdd_p96acbsq_8a@perftest.example.com,MDD_P96acBsQ_FN_008_A,MDD_P96acBsQ_LN_008_A,555-0016
003T700000JxOI8IAN,mdd_p96acbsq_8b@perftest.example.com,MDD_P96acBsQ_FN_008_B,MDD_P96acBsQ_LN_008_B,555-0017
003T700000JxOI9IAN,mdd_p96acbsq_9a@perftest.example.com,MDD_P96acBsQ_FN_009_A,MDD_P96acBsQ_LN_009_A,555-0018
003T700000JxOIAIA3,mdd_p96acbsq_9b@perftest.example.com,MDD_P96acBsQ_FN_009_B,MDD_P96acBsQ_LN_009_B,555-0019
003T700000JxOIBIA3,mdd_p96acbsq_10a@perftest.example.com,MDD_P96acBsQ_FN_010_A,MDD_P96acBsQ_LN_010_A,555-0020
003T700000JxOICIA3,mdd_p96acbsq_10b@perftest.example.com,MDD_P96acBsQ_FN_010_B,MDD_P96acBsQ_LN_010_B,555-0021
003T700000JxRinIAF,mdd_souj3nzj_1a@perftest.example.com,MDD_sOuJ3nZj_FN_001_A,MDD_sOuJ3nZj_LN_001_A,555-0002
003T700000JxRioIAF,mdd_souj3nzj_1b@perftest.example.com,MDD_sOuJ3nZj_FN_001_B,MDD_sOuJ3nZj_LN_001_B,555-0003
003T700000JxRipIAF,mdd_souj3nzj_2a@perftest.example.com,MDD_sOuJ3nZj_FN_002_A,MDD_sOuJ3nZj_LN_002_A,555-0004
003T700000JxRiqIAF,mdd_souj3nzj_2b@perftest.example.com,MDD_sOuJ3nZj_FN_002_B,MDD_sOuJ3nZj_LN_002_B,555-0005
003T700000JxRirIAF,mdd_souj3nzj_3a@perftest.example.com,MDD_sOuJ3nZj_FN_003_A,MDD_sOuJ3nZj_LN_003_A,555-0006
003T700000JxRisIAF,mdd_souj3nzj_3b@perftest.example.com,MDD_sOuJ3nZj_FN_003_B,MDD_sOuJ3nZj_LN_003_B,555-0007
003T700000JxRitIAF,mdd_souj3nzj_4a@perftest.example.com,MDD_sOuJ3nZj_FN_004_A,MDD_sOuJ3nZj_LN_004_A,555-0008
003T700000JxRiuIAF,mdd_souj3nzj_4b@perftest.example.com,MDD_sOuJ3nZj_FN_004_B,MDD_sOuJ3nZj_LN_004_B,555-0009
003T700000JxRivIAF,mdd_souj3nzj_5a@perftest.example.com,MDD_sOuJ3nZj_FN_005_A,MDD_sOuJ3nZj_LN_005_A,555-0010
003T700000JxRiwIAF,mdd_souj3nzj_5b@perftest.example.com,MDD_sOuJ3nZj_FN_005_B,MDD_sOuJ3nZj_LN_005_B,555-0011
003T700000JxRixIAF,mdd_souj3nzj_6a@perftest.example.com,MDD_sOuJ3nZj_FN_006_A,MDD_sOuJ3nZj_LN_006_A,555-0012
003T700000JxRiyIAF,mdd_souj3nzj_6b@perftest.example.com,MDD_sOuJ3nZj_FN_006_B,MDD_sOuJ3nZj_LN_006_B,555-0013
003T700000JxRizIAF,mdd_souj3nzj_7a@perftest.example.com,MDD_sOuJ3nZj_FN_007_A,MDD_sOuJ3nZj_LN_007_A,555-0014
003T700000JxRj0IAF,mdd_souj3nzj_7b@perftest.example.com,MDD_sOuJ3nZj_FN_007_B,MDD_sOuJ3nZj_LN_007_B,555-0015
003T700000JxRj1IAF,mdd_souj3nzj_8a@perftest.example.com,MDD_sOuJ3nZj_FN_008_A,MDD_sOuJ3nZj_LN_008_A,555-0016
003T700000JxRj2IAF,mdd_souj3nzj_8b@perftest.example.com,MDD_sOuJ3nZj_FN_008_B,MDD_sOuJ3nZj_LN_008_B,555-0017
003T700000JxRj3IAF,mdd_souj3nzj_9a@perftest.example.com,MDD_sOuJ3nZj_FN_009_A,MDD_sOuJ3nZj_LN_009_A,555-0018
003T700000JxRj4IAF,mdd_souj3nzj_9b@perftest.example.com,MDD_sOuJ3nZj_FN_009_B,MDD_sOuJ3nZj_LN_009_B,555-0019
003T700000JxRj5IAF,mdd_souj3nzj_10a@perftest.example.com,MDD_sOuJ3nZj_FN_010_A,MDD_sOuJ3nZj_LN_010_A,555-0020
003T700000JxRj6IAF,mdd_souj3nzj_10b@perftest.example.com,MDD_sOuJ3nZj_FN_010_B,MDD_sOuJ3nZj_LN_010_B,555-0021
003T700000JxSXRIA3,mdd_72yjp3ey_1a@perftest.example.com,MDD_72yJp3eY_FN_001_A,MDD_72yJp3eY_LN_001_A,555-0002
003T700000JxSXSIA3,mdd_72yjp3ey_1b@perftest.example.com,MDD_72yJp3eY_FN_001_B,MDD_72yJp3eY_LN_001_B,555-0003
003T700000JxSXTIA3,mdd_72yjp3ey_2a@perftest.example.com,MDD_72yJp3eY_FN_002_A,MDD_72yJp3eY_LN_002_A,555-0004
003T700000JxSXUIA3,mdd_72yjp3ey_2b@perftest.example.com,MDD_72yJp3eY_FN_002_B,MDD_72yJp3eY_LN_002_B,555-0005
003T700000JxSXVIA3,mdd_72yjp3ey_3a@perftest.example.com,MDD_72yJp3eY_FN_003_A,MDD_72yJp3eY_LN_003_A,555-0006
003T700000JxSXWIA3,mdd_72yjp3ey_3b@perftest.example.com,MDD_72yJp3eY_FN_003_B,MDD_72yJp3eY_LN_003_B,555-0007
003T700000JxSXXIA3,mdd_72yjp3ey_4a@perftest.example.com,MDD_72yJp3eY_FN_004_A,MDD_72yJp3eY_LN_004_A,555-0008
003T700000JxSXYIA3,mdd_72yjp3ey_4b@perftest.example.com,MDD_72yJp3eY_FN_004_B,MDD_72yJp3eY_LN_004_B,555-0009
003T700000JxSXZIA3,mdd_72yjp3ey_5a@perftest.example.com,MDD_72yJp3eY_FN_005_A,MDD_72yJp3eY_LN_005_A,555-0010
003T700000JxSXaIAN,mdd_72yjp3ey_5b@perftest.example.com,MDD_72yJp3eY_FN_005_B,MDD_72yJp3eY_LN_005_B,555-0011
003T700000JxSXbIAN,mdd_72yjp3ey_6a@perftest.example.com,MDD_72yJp3eY_FN_006_A,MDD_72yJp3eY_LN_006_A,555-0012
003T700000JxSXcIAN,mdd_72yjp3ey_6b@perftest.example.com,MDD_72yJp3eY_FN_006_B,MDD_72yJp3eY_LN_006_B,555-0013
003T700000JxSXdIAN,mdd_72yjp3ey_7a@perftest.example.com,MDD_72yJp3eY_FN_007_A,MDD_72yJp3eY_LN_007_A,555-0014
003T700000JxSXeIAN,mdd_72yjp3ey_7b@perftest.example.com,MDD_72yJp3eY_FN_007_B,MDD_72yJp3eY_LN_007_B,555-0015
003T700000JxSXfIAN,mdd_72yjp3ey_8a@perftest.example.com,MDD_72yJp3eY_FN_008_A,MDD_72yJp3eY_LN_008_A,555-0016
003T700000JxSXgIAN,mdd_72yjp3ey_8b@perftest.example.com,MDD_72yJp3eY_FN_008_B,MDD_72yJp3eY_LN_008_B,555-0017
003T700000JxSXhIAN,mdd_72yjp3ey_9a@perftest.example.com,MDD_72yJp3eY_FN_009_A,MDD_72yJp3eY_LN_009_A,555-0018
003T700000JxSXiIAN,mdd_72yjp3ey_9b@perftest.example.com,MDD_72yJp3eY_FN_009_B,MDD_72yJp3eY_LN_009_B,555-0019
003T700000JxSXjIAN,mdd_72yjp3ey_10a@perftest.example.com,MDD_72yJp3eY_FN_010_A,MDD_72yJp3eY_LN_010_A,555-0020
003T700000JxSXkIAN,mdd_72yjp3ey_10b@perftest.example.com,MDD_72yJp3eY_FN_010_B,MDD_72yJp3eY_LN_010_B,555-0021
003T700000Jxk0zIAB,mdd_upc6qywd_1a@perftest.example.com,MDD_uPc6qywd_FN_001_A,MDD_uPc6qywd_LN_001_A,555-0002
003T700000Jxk10IAB,mdd_upc6qywd_1b@perftest.example.com,MDD_uPc6qywd_FN_001_B,MDD_uPc6qywd_LN_001_B,555-0003
003T700000Jxk11IAB,mdd_upc6qywd_2a@perftest.example.com,MDD_uPc6qywd_FN_002_A,MDD_uPc6qywd_LN_002_A,555-0004
003T700000Jxk12IAB,mdd_upc6qywd_2b@perftest.example.com,MDD_uPc6qywd_FN_002_B,MDD_uPc6qywd_LN_002_B,555-0005
003T700000Jxk13IAB,mdd_upc6qywd_3a@perftest.example.com,MDD_uPc6qywd_FN_003_A,MDD_uPc6qywd_LN_003_A,555-0006
003T700000Jxk14IAB,mdd_upc6qywd_3b@perftest.example.com,MDD_uPc6qywd_FN_003_B,MDD_uPc6qywd_LN_003_B,555-0007
003T700000Jxk15IAB,mdd_upc6qywd_4a@perftest.example.com,MDD_uPc6qywd_FN_004_A,MDD_uPc6qywd_LN_004_A,555-0008
003T700000Jxk16IAB,mdd_upc6qywd_4b@perftest.example.com,MDD_uPc6qywd_FN_004_B,MDD_uPc6qywd_LN_004_B,555-0009
003T700000Jxk17IAB,mdd_upc6qywd_5a@perftest.example.com,MDD_uPc6qywd_FN_005_A,MDD_uPc6qywd_LN_005_A,555-0010
003T700000Jxk18IAB,mdd_upc6qywd_5b@perftest.example.com,MDD_uPc6qywd_FN_005_B,MDD_uPc6qywd_LN_005_B,555-0011
003T700000Jxk19IAB,mdd_upc6qywd_6a@perftest.example.com,MDD_uPc6qywd_FN_006_A,MDD_uPc6qywd_LN_006_A,555-0012
003T700000Jxk1AIAR,mdd_upc6qywd_6b@perftest.example.com,MDD_uPc6qywd_FN_006_B,MDD_uPc6qywd_LN_006_B,555-0013
003T700000Jxk1BIAR,mdd_upc6qywd_7a@perftest.example.com,MDD_uPc6qywd_FN_007_A,MDD_uPc6qywd_LN_007_A,555-0014
003T700000Jxk1CIAR,mdd_upc6qywd_7b@perftest.example.com,MDD_uPc6qywd_FN_007_B,MDD_uPc6qywd_LN_007_B,555-0015
003T700000Jxk1DIAR,mdd_upc6qywd_8a@perftest.example.com,MDD_uPc6qywd_FN_008_A,MDD_uPc6qywd_LN_008_A,555-0016
003T700000Jxk1EIAR,mdd_upc6qywd_8b@perftest.example.com,MDD_uPc6qywd_FN_008_B,MDD_uPc6qywd_LN_008_B,555-0017
003T700000Jxk1FIAR,mdd_upc6qywd_9a@perftest.example.com,MDD_uPc6qywd_FN_009_A,MDD_uPc6qywd_LN_009_A,555-0018
003T700000Jxk1GIAR,mdd_upc6qywd_9b@perftest.example.com,MDD_uPc6qywd_FN_009_B,MDD_uPc6qywd_LN_009_B,555-0019
003T700000Jxk1HIAR,mdd_upc6qywd_10a@perftest.example.com,MDD_uPc6qywd_FN_010_A,MDD_uPc6qywd_LN_010_A,555-0020
003T700000Jxk1IIAR,mdd_upc6qywd_10b@perftest.example.com,MDD_uPc6qywd_FN_010_B,MDD_uPc6qywd_LN_010_B,555-0021
003T700000Jxu4rIAB,mdd_f2cwzo3k_1a@perftest.example.com,MDD_f2CwzO3k_FN_001_A,MDD_f2CwzO3k_LN_001_A,555-0002
003T700000Jxu4sIAB,mdd_f2cwzo3k_1b@perftest.example.com,MDD_f2CwzO3k_FN_001_B,MDD_f2CwzO3k_LN_001_B,555-0003
003T700000Jxu4tIAB,mdd_f2cwzo3k_2a@perftest.example.com,MDD_f2CwzO3k_FN_002_A,MDD_f2CwzO3k_LN_002_A,555-0004
003T700000Jxu4uIAB,mdd_f2cwzo3k_2b@perftest.example.com,MDD_f2CwzO3k_FN_002_B,MDD_f2CwzO3k_LN_002_B,555-0005
003T700000Jxu4vIAB,mdd_f2cwzo3k_3a@perftest.example.com,MDD_f2CwzO3k_FN_003_A,MDD_f2CwzO3k_LN_003_A,555-0006
003T700000Jxu4wIAB,mdd_f2cwzo3k_3b@perftest.example.com,MDD_f2CwzO3k_FN_003_B,MDD_f2CwzO3k_LN_003_B,555-0007
003T700000Jxu4xIAB,mdd_f2cwzo3k_4a@perftest.example.com,MDD_f2CwzO3k_FN_004_A,MDD_f2CwzO3k_LN_004_A,555-0008
003T700000Jxu4yIAB,mdd_f2cwzo3k_4b@perftest.example.com,MDD_f2CwzO3k_FN_004_B,MDD_f2CwzO3k_LN_004_B,555-0009
003T700000Jxu4zIAB,mdd_f2cwzo3k_5a@perftest.example.com,MDD_f2CwzO3k_FN_005_A,MDD_f2CwzO3k_LN_005_A,555-0010
003T700000Jxu50IAB,mdd_f2cwzo3k_5b@perftest.example.com,MDD_f2CwzO3k_FN_005_B,MDD_f2CwzO3k_LN_005_B,555-0011
003T700000Jxu51IAB,mdd_f2cwzo3k_6a@perftest.example.com,MDD_f2CwzO3k_FN_006_A,MDD_f2CwzO3k_LN_006_A,555-0012
003T700000Jxu52IAB,mdd_f2cwzo3k_6b@perftest.example.com,MDD_f2CwzO3k_FN_006_B,MDD_f2CwzO3k_LN_006_B,555-0013
003T700000Jxu53IAB,mdd_f2cwzo3k_7a@perftest.example.com,MDD_f2CwzO3k_FN_007_A,MDD_f2CwzO3k_LN_007_A,555-0014
003T700000Jxu54IAB,mdd_f2cwzo3k_7b@perftest.example.com,MDD_f2CwzO3k_FN_007_B,MDD_f2CwzO3k_LN_007_B,555-0015
003T700000Jxu55IAB,mdd_f2cwzo3k_8a@perftest.example.com,MDD_f2CwzO3k_FN_008_A,MDD_f2CwzO3k_LN_008_A,555-0016
003T700000Jxu56IAB,mdd_f2cwzo3k_8b@perftest.example.com,MDD_f2CwzO3k_FN_008_B,MDD_f2CwzO3k_LN_008_B,555-0017
003T700000Jxu57IAB,mdd_f2cwzo3k_9a@perftest.example.com,MDD_f2CwzO3k_FN_009_A,MDD_f2CwzO3k_LN_009_A,555-0018
003T700000Jxu58IAB,mdd_f2cwzo3k_9b@perftest.example.com,MDD_f2CwzO3k_FN_009_B,MDD_f2CwzO3k_LN_009_B,555-0019
003T700000Jxu59IAB,mdd_f2cwzo3k_10a@perftest.example.com,MDD_f2CwzO3k_FN_010_A,MDD_f2CwzO3k_LN_010_A,555-0020
003T700000Jxu5AIAR,mdd_f2cwzo3k_10b@perftest.example.com,MDD_f2CwzO3k_FN_010_B,MDD_f2CwzO3k_LN_010_B,555-0021
003T700000Jy0tRIAR,mdd_vvuatjzr_1a@perftest.example.com,MDD_vvUaTJzr_FN_001_A,MDD_vvUaTJzr_LN_001_A,555-0002
003T700000Jy0tSIAR,mdd_vvuatjzr_1b@perftest.example.com,MDD_vvUaTJzr_FN_001_B,MDD_vvUaTJzr_LN_001_B,555-0003
003T700000Jy0tTIAR,mdd_vvuatjzr_2a@perftest.example.com,MDD_vvUaTJzr_FN_002_A,MDD_vvUaTJzr_LN_002_A,555-0004
003T700000Jy0tUIAR,mdd_vvuatjzr_2b@perftest.example.com,MDD_vvUaTJzr_FN_002_B,MDD_vvUaTJzr_LN_002_B,555-0005
003T700000Jy0tVIAR,mdd_vvuatjzr_3a@perftest.example.com,MDD_vvUaTJzr_FN_003_A,MDD_vvUaTJzr_LN_003_A,555-0006
003T700000Jy0tWIAR,mdd_vvuatjzr_3b@perftest.example.com,MDD_vvUaTJzr_FN_003_B,MDD_vvUaTJzr_LN_003_B,555-0007
003T700000Jy0tXIAR,mdd_vvuatjzr_4a@perftest.example.com,MDD_vvUaTJzr_FN_004_A,MDD_vvUaTJzr_LN_004_A,555-0008
003T700000Jy0tYIAR,mdd_vvuatjzr_4b@perftest.example.com,MDD_vvUaTJzr_FN_004_B,MDD_vvUaTJzr_LN_004_B,555-0009
003T700000Jy0tZIAR,mdd_vvuatjzr_5a@perftest.example.com,MDD_vvUaTJzr_FN_005_A,MDD_vvUaTJzr_LN_005_A,555-0010
003T700000Jy0taIAB,mdd_vvuatjzr_5b@perftest.example.com,MDD_vvUaTJzr_FN_005_B,MDD_vvUaTJzr_LN_005_B,555-0011
003T700000Jy0tbIAB,mdd_vvuatjzr_6a@perftest.example.com,MDD_vvUaTJzr_FN_006_A,MDD_vvUaTJzr_LN_006_A,555-0012
003T700000Jy0tcIAB,mdd_vvuatjzr_6b@perftest.example.com,MDD_vvUaTJzr_FN_006_B,MDD_vvUaTJzr_LN_006_B,555-0013
003T700000Jy0tdIAB,mdd_vvuatjzr_7a@perftest.example.com,MDD_vvUaTJzr_FN_007_A,MDD_vvUaTJzr_LN_007_A,555-0014
003T700000Jy0teIAB,mdd_vvuatjzr_7b@perftest.example.com,MDD_vvUaTJzr_FN_007_B,MDD_vvUaTJzr_LN_007_B,555-0015
003T700000Jy0tfIAB,mdd_vvuatjzr_8a@perftest.example.com,MDD_vvUaTJzr_FN_008_A,MDD_vvUaTJzr_LN_008_A,555-0016
003T700000Jy0tgIAB,mdd_vvuatjzr_8b@perftest.example.com,MDD_vvUaTJzr_FN_008_B,MDD_vvUaTJzr_LN_008_B,555-0017
003T700000Jy0thIAB,mdd_vvuatjzr_9a@perftest.example.com,MDD_vvUaTJzr_FN_009_A,MDD_vvUaTJzr_LN_009_A,555-0018
003T700000Jy0tiIAB,mdd_vvuatjzr_9b@perftest.example.com,MDD_vvUaTJzr_FN_009_B,MDD_vvUaTJzr_LN_009_B,555-0019
003T700000Jy0tjIAB,mdd_vvuatjzr_10a@perftest.example.com,MDD_vvUaTJzr_FN_010_A,MDD_vvUaTJzr_LN_010_A,555-0020
003T700000Jy0tkIAB,mdd_vvuatjzr_10b@perftest.example.com,MDD_vvUaTJzr_FN_010_B,MDD_vvUaTJzr_LN_010_B,555-0021
003T700000Jy2lZIAR,mdd_qvyg2ivz_1a@perftest.example.com,MDD_QVYG2ivz_FN_001_A,MDD_QVYG2ivz_LN_001_A,555-0002
003T700000Jy2laIAB,mdd_qvyg2ivz_1b@perftest.example.com,MDD_QVYG2ivz_FN_001_B,MDD_QVYG2ivz_LN_001_B,555-0003
003T700000Jy2lbIAB,mdd_qvyg2ivz_2a@perftest.example.com,MDD_QVYG2ivz_FN_002_A,MDD_QVYG2ivz_LN_002_A,555-0004
003T700000Jy2lcIAB,mdd_qvyg2ivz_2b@perftest.example.com,MDD_QVYG2ivz_FN_002_B,MDD_QVYG2ivz_LN_002_B,555-0005
003T700000Jy2ldIAB,mdd_qvyg2ivz_3a@perftest.example.com,MDD_QVYG2ivz_FN_003_A,MDD_QVYG2ivz_LN_003_A,555-0006
003T700000Jy2leIAB,mdd_qvyg2ivz_3b@perftest.example.com,MDD_QVYG2ivz_FN_003_B,MDD_QVYG2ivz_LN_003_B,555-0007
003T700000Jy2lfIAB,mdd_qvyg2ivz_4a@perftest.example.com,MDD_QVYG2ivz_FN_004_A,MDD_QVYG2ivz_LN_004_A,555-0008
003T700000Jy2lgIAB,mdd_qvyg2ivz_4b@perftest.example.com,MDD_QVYG2ivz_FN_004_B,MDD_QVYG2ivz_LN_004_B,555-0009
003T700000Jy2lhIAB,mdd_qvyg2ivz_5a@perftest.example.com,MDD_QVYG2ivz_FN_005_A,MDD_QVYG2ivz_LN_005_A,555-0010
003T700000Jy2liIAB,mdd_qvyg2ivz_5b@perftest.example.com,MDD_QVYG2ivz_FN_005_B,MDD_QVYG2ivz_LN_005_B,555-0011
003T700000Jy2ljIAB,mdd_qvyg2ivz_6a@perftest.example.com,MDD_QVYG2ivz_FN_006_A,MDD_QVYG2ivz_LN_006_A,555-0012
003T700000Jy2lkIAB,mdd_qvyg2ivz_6b@perftest.example.com,MDD_QVYG2ivz_FN_006_B,MDD_QVYG2ivz_LN_006_B,555-0013
003T700000Jy2llIAB,mdd_qvyg2ivz_7a@perftest.example.com,MDD_QVYG2ivz_FN_007_A,MDD_QVYG2ivz_LN_007_A,555-0014
003T700000Jy2lmIAB,mdd_qvyg2ivz_7b@perftest.example.com,MDD_QVYG2ivz_FN_007_B,MDD_QVYG2ivz_LN_007_B,555-0015
003T700000Jy2lnIAB,mdd_qvyg2ivz_8a@perftest.example.com,MDD_QVYG2ivz_FN_008_A,MDD_QVYG2ivz_LN_008_A,555-0016
003T700000Jy2loIAB,mdd_qvyg2ivz_8b@perftest.example.com,MDD_QVYG2ivz_FN_008_B,MDD_QVYG2ivz_LN_008_B,555-0017
003T700000Jy2lpIAB,mdd_qvyg2ivz_9a@perftest.example.com,MDD_QVYG2ivz_FN_009_A,MDD_QVYG2ivz_LN_009_A,555-0018
003T700000Jy2lqIAB,mdd_qvyg2ivz_9b@perftest.example.com,MDD_QVYG2ivz_FN_009_B,MDD_QVYG2ivz_LN_009_B,555-0019
003T700000Jy2lrIAB,mdd_qvyg2ivz_10a@perftest.example.com,MDD_QVYG2ivz_FN_010_A,MDD_QVYG2ivz_LN_010_A,555-0020
003T700000Jy2lsIAB,mdd_qvyg2ivz_10b@perftest.example.com,MDD_QVYG2ivz_FN_010_B,MDD_QVYG2ivz_LN_010_B,555-0021
003T700000Jy5hBIAR,mdd_mbreaxpd_1a@perftest.example.com,MDD_mBREAxpD_FN_001_A,MDD_mBREAxpD_LN_001_A,555-0002
003T700000Jy5hCIAR,mdd_mbreaxpd_1b@perftest.example.com,MDD_mBREAxpD_FN_001_B,MDD_mBREAxpD_LN_001_B,555-0003
003T700000Jy5hDIAR,mdd_mbreaxpd_2a@perftest.example.com,MDD_mBREAxpD_FN_002_A,MDD_mBREAxpD_LN_002_A,555-0004
003T700000Jy5hEIAR,mdd_mbreaxpd_2b@perftest.example.com,MDD_mBREAxpD_FN_002_B,MDD_mBREAxpD_LN_002_B,555-0005
003T700000Jy5hFIAR,mdd_mbreaxpd_3a@perftest.example.com,MDD_mBREAxpD_FN_003_A,MDD_mBREAxpD_LN_003_A,555-0006
003T700000Jy5hGIAR,mdd_mbreaxpd_3b@perftest.example.com,MDD_mBREAxpD_FN_003_B,MDD_mBREAxpD_LN_003_B,555-0007
003T700000Jy5hHIAR,mdd_mbreaxpd_4a@perftest.example.com,MDD_mBREAxpD_FN_004_A,MDD_mBREAxpD_LN_004_A,555-0008
003T700000Jy5hIIAR,mdd_mbreaxpd_4b@perftest.example.com,MDD_mBREAxpD_FN_004_B,MDD_mBREAxpD_LN_004_B,555-0009
003T700000Jy5hJIAR,mdd_mbreaxpd_5a@perftest.example.com,MDD_mBREAxpD_FN_005_A,MDD_mBREAxpD_LN_005_A,555-0010
003T700000Jy5hKIAR,mdd_mbreaxpd_5b@perftest.example.com,MDD_mBREAxpD_FN_005_B,MDD_mBREAxpD_LN_005_B,555-0011
003T700000Jy5hLIAR,mdd_mbreaxpd_6a@perftest.example.com,MDD_mBREAxpD_FN_006_A,MDD_mBREAxpD_LN_006_A,555-0012
003T700000Jy5hMIAR,mdd_mbreaxpd_6b@perftest.example.com,MDD_mBREAxpD_FN_006_B,MDD_mBREAxpD_LN_006_B,555-0013
003T700000Jy5hNIAR,mdd_mbreaxpd_7a@perftest.example.com,MDD_mBREAxpD_FN_007_A,MDD_mBREAxpD_LN_007_A,555-0014
003T700000Jy5hOIAR,mdd_mbreaxpd_7b@perftest.example.com,MDD_mBREAxpD_FN_007_B,MDD_mBREAxpD_LN_007_B,555-0015
003T700000Jy5hPIAR,mdd_mbreaxpd_8a@perftest.example.com,MDD_mBREAxpD_FN_008_A,MDD_mBREAxpD_LN_008_A,555-0016
003T700000Jy5hQIAR,mdd_mbreaxpd_8b@perftest.example.com,MDD_mBREAxpD_FN_008_B,MDD_mBREAxpD_LN_008_B,555-0017
003T700000Jy5hRIAR,mdd_mbreaxpd_9a@perftest.example.com,MDD_mBREAxpD_FN_009_A,MDD_mBREAxpD_LN_009_A,555-0018
003T700000Jy5hSIAR,mdd_mbreaxpd_9b@perftest.example.com,MDD_mBREAxpD_FN_009_B,MDD_mBREAxpD_LN_009_B,555-0019
003T700000Jy5hTIAR,mdd_mbreaxpd_10a@perftest.example.com,MDD_mBREAxpD_FN_010_A,MDD_mBREAxpD_LN_010_A,555-0020
003T700000Jy5hUIAR,mdd_mbreaxpd_10b@perftest.example.com,MDD_mBREAxpD_FN_010_B,MDD_mBREAxpD_LN_010_B,555-0021
003T700000Jy6jNIAR,mdd_zuywkldo_1a@perftest.example.com,MDD_ZUYwkLDO_FN_001_A,MDD_ZUYwkLDO_LN_001_A,555-0002
003T700000Jy6jOIAR,mdd_zuywkldo_1b@perftest.example.com,MDD_ZUYwkLDO_FN_001_B,MDD_ZUYwkLDO_LN_001_B,555-0003
003T700000Jy6jPIAR,mdd_zuywkldo_2a@perftest.example.com,MDD_ZUYwkLDO_FN_002_A,MDD_ZUYwkLDO_LN_002_A,555-0004
003T700000Jy6jQIAR,mdd_zuywkldo_2b@perftest.example.com,MDD_ZUYwkLDO_FN_002_B,MDD_ZUYwkLDO_LN_002_B,555-0005
003T700000Jy6jRIAR,mdd_zuywkldo_3a@perftest.example.com,MDD_ZUYwkLDO_FN_003_A,MDD_ZUYwkLDO_LN_003_A,555-0006
003T700000Jy6jSIAR,mdd_zuywkldo_3b@perftest.example.com,MDD_ZUYwkLDO_FN_003_B,MDD_ZUYwkLDO_LN_003_B,555-0007
003T700000Jy6jTIAR,mdd_zuywkldo_4a@perftest.example.com,MDD_ZUYwkLDO_FN_004_A,MDD_ZUYwkLDO_LN_004_A,555-0008
003T700000Jy6jUIAR,mdd_zuywkldo_4b@perftest.example.com,MDD_ZUYwkLDO_FN_004_B,MDD_ZUYwkLDO_LN_004_B,555-0009
003T700000Jy6jVIAR,mdd_zuywkldo_5a@perftest.example.com,MDD_ZUYwkLDO_FN_005_A,MDD_ZUYwkLDO_LN_005_A,555-0010
003T700000Jy6jWIAR,mdd_zuywkldo_5b@perftest.example.com,MDD_ZUYwkLDO_FN_005_B,MDD_ZUYwkLDO_LN_005_B,555-0011
003T700000Jy6jXIAR,mdd_zuywkldo_6a@perftest.example.com,MDD_ZUYwkLDO_FN_006_A,MDD_ZUYwkLDO_LN_006_A,555-0012
003T700000Jy6jYIAR,mdd_zuywkldo_6b@perftest.example.com,MDD_ZUYwkLDO_FN_006_B,MDD_ZUYwkLDO_LN_006_B,555-0013
003T700000Jy6jZIAR,mdd_zuywkldo_7a@perftest.example.com,MDD_ZUYwkLDO_FN_007_A,MDD_ZUYwkLDO_LN_007_A,555-0014
003T700000Jy6jaIAB,mdd_zuywkldo_7b@perftest.example.com,MDD_ZUYwkLDO_FN_007_B,MDD_ZUYwkLDO_LN_007_B,555-0015
003T700000Jy6jbIAB,mdd_zuywkldo_8a@perftest.example.com,MDD_ZUYwkLDO_FN_008_A,MDD_ZUYwkLDO_LN_008_A,555-0016
003T700000Jy6jcIAB,mdd_zuywkldo_8b@perftest.example.com,MDD_ZUYwkLDO_FN_008_B,MDD_ZUYwkLDO_LN_008_B,555-0017
003T700000Jy6jdIAB,mdd_zuywkldo_9a@perftest.example.com,MDD_ZUYwkLDO_FN_009_A,MDD_ZUYwkLDO_LN_009_A,555-0018
003T700000Jy6jeIAB,mdd_zuywkldo_9b@perftest.example.com,MDD_ZUYwkLDO_FN_009_B,MDD_ZUYwkLDO_LN_009_B,555-0019
003T700000Jy6jfIAB,mdd_zuywkldo_10a@perftest.example.com,MDD_ZUYwkLDO_FN_010_A,MDD_ZUYwkLDO_LN_010_A,555-0020
003T700000Jy6jgIAB,mdd_zuywkldo_10b@perftest.example.com,MDD_ZUYwkLDO_FN_010_B,MDD_ZUYwkLDO_LN_010_B,555-0021
003T700000JySXxIAN,mdd_ipeimq6v_1a@perftest.example.com,MDD_ipEIMQ6v_FN_001_A,MDD_ipEIMQ6v_LN_001_A,555-0002
003T700000JySXyIAN,mdd_ipeimq6v_1b@perftest.example.com,MDD_ipEIMQ6v_FN_001_B,MDD_ipEIMQ6v_LN_001_B,555-0003
003T700000JySXzIAN,mdd_ipeimq6v_2a@perftest.example.com,MDD_ipEIMQ6v_FN_002_A,MDD_ipEIMQ6v_LN_002_A,555-0004
003T700000JySY0IAN,mdd_ipeimq6v_2b@perftest.example.com,MDD_ipEIMQ6v_FN_002_B,MDD_ipEIMQ6v_LN_002_B,555-0005
003T700000JySY1IAN,mdd_ipeimq6v_3a@perftest.example.com,MDD_ipEIMQ6v_FN_003_A,MDD_ipEIMQ6v_LN_003_A,555-0006
003T700000JySY2IAN,mdd_ipeimq6v_3b@perftest.example.com,MDD_ipEIMQ6v_FN_003_B,MDD_ipEIMQ6v_LN_003_B,555-0007
003T700000JySY3IAN,mdd_ipeimq6v_4a@perftest.example.com,MDD_ipEIMQ6v_FN_004_A,MDD_ipEIMQ6v_LN_004_A,555-0008
003T700000JySY4IAN,mdd_ipeimq6v_4b@perftest.example.com,MDD_ipEIMQ6v_FN_004_B,MDD_ipEIMQ6v_LN_004_B,555-0009
003T700000JySY5IAN,mdd_ipeimq6v_5a@perftest.example.com,MDD_ipEIMQ6v_FN_005_A,MDD_ipEIMQ6v_LN_005_A,555-0010
003T700000JySY6IAN,mdd_ipeimq6v_5b@perftest.example.com,MDD_ipEIMQ6v_FN_005_B,MDD_ipEIMQ6v_LN_005_B,555-0011
003T700000JySY7IAN,mdd_ipeimq6v_6a@perftest.example.com,MDD_ipEIMQ6v_FN_006_A,MDD_ipEIMQ6v_LN_006_A,555-0012
003T700000JySY8IAN,mdd_ipeimq6v_6b@perftest.example.com,MDD_ipEIMQ6v_FN_006_B,MDD_ipEIMQ6v_LN_006_B,555-0013
003T700000JySY9IAN,mdd_ipeimq6v_7a@perftest.example.com,MDD_ipEIMQ6v_FN_007_A,MDD_ipEIMQ6v_LN_007_A,555-0014
003T700000JySYAIA3,mdd_ipeimq6v_7b@perftest.example.com,MDD_ipEIMQ6v_FN_007_B,MDD_ipEIMQ6v_LN_007_B,555-0015
003T700000JySYBIA3,mdd_ipeimq6v_8a@perftest.example.com,MDD_ipEIMQ6v_FN_008_A,MDD_ipEIMQ6v_LN_008_A,555-0016
003T700000JySYCIA3,mdd_ipeimq6v_8b@perftest.example.com,MDD_ipEIMQ6v_FN_008_B,MDD_ipEIMQ6v_LN_008_B,555-0017
003T700000JySYDIA3,mdd_ipeimq6v_9a@perftest.example.com,MDD_ipEIMQ6v_FN_009_A,MDD_ipEIMQ6v_LN_009_A,555-0018
003T700000JySYEIA3,mdd_ipeimq6v_9b@perftest.example.com,MDD_ipEIMQ6v_FN_009_B,MDD_ipEIMQ6v_LN_009_B,555-0019
003T700000JySYFIA3,mdd_ipeimq6v_10a@perftest.example.com,MDD_ipEIMQ6v_FN_010_A,MDD_ipEIMQ6v_LN_010_A,555-0020
003T700000JySYGIA3,mdd_ipeimq6v_10b@perftest.example.com,MDD_ipEIMQ6v_FN_010_B,MDD_ipEIMQ6v_LN_010_B,555-0021
